"GEOID","estimate","moe","sum_var_est","sum_moe","pct","geometry"
"11001000100",85,316,4472,1880,1.9,list(c(-77.0693711968326, -77.063071, -77.062737, -77.062811, -77.062846, -77.063448, -77.063582, -77.064904, -77.065139, -77.067824, -77.068752, -77.067388, -77.066894, -77.063824, -77.059084, -77.05832, -77.059067, -77.055323, -77.05312, -77.05126, -77.050146, -77.053601, -77.055491, -77.055916, -77.056637, -77.057787, -77.058549, -77.056653, -77.056637, -77.055942, -77.063252, -77.0646579445255, -77.067299, -77.068199, -77.0693711968326, 38.9003662511312, 38.901484, 38.902064, 38.905177, 38.906414, 
38.907609, 38.90786, 38.91036, 38.910806, 38.915804, 38.916966, 38.917759, 38.918656, 38.918446, 38.918313, 38.917762, 38.91592, 38.91293, 38.91215, 38.910753, 38.909635, 38.908496, 38.905254, 38.904536, 38.903295, 38.902545, 38.901499, 38.897669, 38.894789, 38.893082, 38.891775, 38.8918438452555, 38.899211, 38.899811, 38.9003662511312))
"11001000201",64,239,3650,718,1.75,list(c(-77.079655, -77.079091, -77.079039, -77.079016, -77.073097, -77.069207, -77.069162, -77.069081, -77.071642, -77.071526, -77.078017, -77.078311, -77.078348, -77.079598, -77.079655, 38.908656, 38.90989, 38.911804, 38.912679, 38.912589, 38.911726, 38.910692, 38.908718, 38.908582, 38.905839, 38.905922, 38.905939, 38.906266, 38.906814, 38.908656))
"11001000202",110,230,4258,1752,2.58,list(c(-77.079411, -77.078311, -77.078017, -77.071526, -77.071642, -77.069081, -77.069162, -77.069207, -77.073097, -77.072676, -77.069245, -77.06941, -77.069382, -77.068752, -77.067824, -77.065139, -77.064904, -77.063582, -77.063448, -77.062846, -77.062811, -77.062737, -77.063071, -77.0693711968326, -77.070099, -77.0706217017928, -77.0710548891572, -77.0778364966227, -77.0783563148089, -77.0788780185296, -77.0792973903799, -77.079411, 38.905637, 38.905785, 38.905922, 38.905839, 38.908582, 38.908718, 
38.910692, 38.911726, 38.912589, 38.912594, 38.912675, 38.9166, 38.917726, 38.916966, 38.915804, 38.910806, 38.91036, 38.90786, 38.907609, 38.906414, 38.905177, 38.902064, 38.901484, 38.9003662511312, 38.900711, 38.9007628339105, 38.9008057910907, 38.9014782916244, 38.9015298395811, 38.9015815745174, 38.9016231616772, 38.905637))
"11001000300",169,366,5531,2268,3.06,list(c(-77.082272, -77.082006, -77.080715, -77.077909, -77.077052, -77.074697, -77.073195, -77.072907, -77.071476, -77.069382, -77.06941, -77.069245, -77.072676, -77.073097, -77.079016, -77.078842, -77.078357, -77.080696, -77.081007, -77.081709, -77.082035, -77.082272, 38.921493, 38.921524, 38.92255, 38.922549, 38.922549, 38.922548, 38.922544, 38.922543, 38.920188, 38.917726, 38.9166, 38.912675, 38.912594, 38.912589, 38.912679, 38.913111, 38.914326, 38.915372, 38.916223, 38.917429, 38.919318, 38.921493
))
"11001000400",117,226,1241,539,9.43,list(c(-77.073164, -77.073188, -77.073162, -77.07265, -77.06639, -77.066384, -77.06324, -77.057718, -77.056079, -77.054038, -77.056954, -77.056532, -77.059084, -77.063824, -77.066894, -77.067388, -77.068752, -77.069382, -77.071476, -77.072907, -77.073195, -77.073164, 38.923051, 38.926182, 38.928611, 38.931871, 38.931467, 38.927527, 38.92752, 38.923213, 38.923284, 38.921182, 38.920257, 38.919523, 38.918313, 38.918446, 38.918656, 38.917759, 38.916966, 38.917726, 38.920188, 38.922543, 38.922544, 38.923051
))
"11001000501",22,180,3029,1414,0.73,list(c(-77.059084, -77.056532, -77.056954, -77.054038, -77.056079, -77.057718, -77.057637, -77.057637, -77.05268, -77.054164, -77.055716, -77.054582, -77.050833, -77.050503, -77.050854, -77.047262, -77.047122, -77.046974, -77.046804, -77.044537, -77.044699, -77.046162, -77.048944, -77.049515, -77.048565, -77.04854, -77.050181, -77.051071, -77.05185, -77.054581, -77.055322, -77.058258, -77.05832, -77.059084, 38.918313, 38.919523, 38.920257, 38.921182, 38.923284, 38.923213, 38.923355, 38.926173, 38.925536, 
38.928088, 38.930755, 38.932704, 38.933723, 38.933224, 38.932826, 38.931522, 38.931448, 38.93133, 38.931106, 38.92851, 38.927454, 38.92596, 38.928, 38.928134, 38.923344, 38.922771, 38.921241, 38.91988, 38.91958, 38.91993, 38.919035, 38.917716, 38.917762, 38.918313))
"11001000502",22,168,2547,857,0.86,list(c(-77.06639, -77.064679, -77.063254, -77.059874, -77.05677, -77.055716, -77.054164, -77.05268, -77.057637, -77.057637, -77.057718, -77.06324, -77.066384, -77.06639, 38.931467, 38.931069, 38.930509, 38.930394, 38.93257, 38.930755, 38.928088, 38.925536, 38.926173, 38.923355, 38.923213, 38.92752, 38.927527, 38.931467))
"11001000600",151,328,3784,1450,3.99,list(c(-77.076507, -77.068875, -77.067852, -77.065132, -77.061654, -77.061517, -77.059243, -77.05677, -77.059874, -77.063254, -77.064679, -77.06639, -77.07265, -77.072415, -77.072505, -77.075037, -77.076507, 38.942216, 38.94221, 38.940876, 38.940475, 38.940972, 38.940735, 38.936824, 38.93257, 38.930394, 38.930509, 38.931069, 38.931467, 38.931871, 38.933484, 38.934636, 38.939545, 38.942216))
"11001000701",190,356,3857,1629,4.93,list(c(-77.08039, -77.079155, -77.079765, -77.079572, -77.077048, -77.072415, -77.07265, -77.073162, -77.073188, -77.073858, -77.077058, -77.077048, -77.078979, -77.080002, -77.081514, -77.08039, 38.930196, 38.932985, 38.933432, 38.933487, 38.933488, 38.933484, 38.931871, 38.928611, 38.926182, 38.925586, 38.925421, 38.926183, 38.926183, 38.925966, 38.926154, 38.930196))
"11001000702",112,257,2981,1401,3.76,list(c(-77.082272, -77.081987, -77.081514, -77.080002, -77.078979, -77.077048, -77.077058, -77.073858, -77.073188, -77.073164, -77.073195, -77.074697, -77.077052, -77.077909, -77.080715, -77.082006, -77.082272, 38.921493, 38.922341, 38.926154, 38.925966, 38.926183, 38.926183, 38.925421, 38.925586, 38.926182, 38.923051, 38.922544, 38.922548, 38.922549, 38.922549, 38.92255, 38.921524, 38.921493))
"11001000801",125,282,5384,2231,2.32,list(c(-77.10500272508, -77.101911, -77.101958, -77.099429, -77.098963, -77.09548, -77.096422, -77.09325, -77.091069, -77.088163, -77.085585, -77.08183, -77.079765, -77.079155, -77.08039, -77.081514, -77.081987, -77.082272, -77.082035, -77.088746, -77.088705, -77.092711, -77.094673, -77.096354, -77.1010155931084, -77.1012, -77.1034, -77.10500272508, 38.9163375156884, 38.918615, 38.919952, 38.92207, 38.922222, 38.927008, 38.929977, 38.932603, 38.933197, 38.9353, 38.937662, 38.93494, 38.933432, 38.932985, 
38.930196, 38.926154, 38.922341, 38.921493, 38.919318, 38.919166, 38.91644, 38.916261, 38.915629, 38.91412, 38.9109831445552, 38.911111, 38.912911, 38.9163375156884))
"11001000802",35,191,2717,1157,1.29,list(c(-77.1010155931084, -77.096354, -77.094673, -77.092711, -77.088705, -77.088746, -77.082035, -77.081709, -77.081007, -77.080696, -77.078357, -77.078842, -77.079016, -77.079039, -77.079091, -77.079655, -77.079598, -77.078348, -77.078311, -77.078017, -77.078311, -77.079411, -77.0792973903799, -77.0822, -77.0828392117323, -77.0902, -77.0937, -77.1003969886517, -77.1010155931084, 38.9109831445552, 38.91412, 38.915629, 38.916261, 38.91644, 38.919166, 38.919318, 38.917429, 38.916223, 38.915372, 38.914326, 
38.913111, 38.912679, 38.911804, 38.90989, 38.908656, 38.906814, 38.906266, 38.905939, 38.905922, 38.905785, 38.905637, 38.9016231616772, 38.901911, 38.9020947733731, 38.904211, 38.905911, 38.9105542454652, 38.9109831445552))
"11001000901",163,312,6581,1862,2.48,list(c(-77.1124783010974, -77.1045, -77.1012777506042, -77.1007, -77.1005269696602, -77.099591, -77.096763, -77.093092, -77.086226, -77.085634, -77.085585, -77.088163, -77.091069, -77.09325, -77.095757, -77.097092, -77.102005, -77.104035, -77.106683, -77.111588, -77.112061, -77.1125318000267, -77.1124783010974, 38.9401006639136, 38.94641, 38.9485299009183, 38.94891, 38.9490529381068, 38.947909, 38.945844, 38.943164, 38.938169, 38.938226, 38.937662, 38.9353, 38.933197, 38.932603, 38.932349, 38.932549, 
38.928246, 38.927359, 38.929742, 38.93569, 38.939108, 38.9400583563194, 38.9401006639136))
"11001000902",124,278,2089,649,5.94,list(c(-77.119759, -77.1125318000267, -77.112061, -77.111588, -77.106683, -77.104035, -77.102005, -77.097092, -77.095757, -77.09325, -77.096422, -77.09548, -77.098963, -77.099429, -77.101958, -77.101911, -77.10500272508, -77.1063, -77.1073605064009, -77.1134, -77.1166, -77.1168162618117, -77.1179, -77.119759, 38.934343, 38.9400583563194, 38.939108, 38.93569, 38.929742, 38.927359, 38.928246, 38.932549, 38.932349, 38.932603, 38.929977, 38.927008, 38.922222, 38.92207, 38.919952, 38.918615, 38.9163375156884, 
38.919111, 38.9200221393022, 38.925211, 38.928911, 38.9294932433392, 38.932411, 38.934343))
"11001001001",116,326,6575,1880,1.76,list(c(-77.1005269696602, -77.0980898719934, -77.0938660590164, -77.0915, -77.0913993874581, -77.0913552852449, -77.0858122682884, -77.082632, -77.080974, -77.079674, -77.078888, -77.078496, -77.07913, -77.08142, -77.085634, -77.086226, -77.093092, -77.096763, -77.099591, -77.1005269696602, 38.9490529381068, 38.9510661927011, 38.9545554295082, 38.95651, 38.9565873505739, 38.9566212562027, 38.9608827084474, 38.9547, 38.951466, 38.947909, 38.946504, 38.945803, 38.945845, 38.94316, 38.938226, 38.938169, 
38.943164, 38.945844, 38.947909, 38.9490529381068))
"11001001002",154,348,3245,1671,4.75,list(c(-77.085634, -77.08142, -77.07913, -77.078496, -77.076507, -77.075037, -77.072505, -77.072415, -77.077048, -77.079572, -77.079765, -77.08183, -77.085585, -77.085634, 38.938226, 38.94316, 38.945845, 38.945803, 38.942216, 38.939545, 38.934636, 38.933484, 38.933488, 38.933487, 38.933432, 38.93494, 38.937662, 38.938226))
"11001001100",150,330,3825,1414,3.92,list(c(-77.0857801216917, -77.0838391710907, -77.0827060827257, -77.0822402534113, -77.0804181742635, -77.0774416653451, -77.0774366982071, -77.076839, -77.075049, -77.073309, -77.072154, -77.06963, -77.069425, -77.069844, -77.073729, -77.075802, -77.077365, -77.078535, -77.078888, -77.079674, -77.080974, -77.082632, -77.0858122682884, -77.0857801216917, 38.9609074226397, 38.9623996187416, 38.9632707331536, 38.9636288611176, 38.9650296692579, 38.9673179990089, 38.9673218177274, 38.966976, 38.963999, 
38.961017, 38.959026, 38.954691, 38.954336, 38.952095, 38.952151, 38.949735, 38.947903, 38.946562, 38.946504, 38.947909, 38.951466, 38.9547, 38.9608827084474, 38.9609074226397))
"11001001200",2,162,4206,1649,0.05,list(c(-77.078535, -77.077365, -77.075802, -77.073729, -77.069844, -77.069425, -77.066714, -77.065678, -77.065006, -77.062921, -77.061654, -77.065132, -77.067852, -77.068875, -77.076507, -77.078496, -77.078888, -77.078535, 38.946562, 38.947903, 38.949735, 38.952151, 38.952095, 38.954336, 38.949683, 38.947895, 38.946736, 38.943154, 38.940972, 38.940475, 38.940876, 38.94221, 38.942216, 38.945803, 38.946504, 38.946562))
"11001001301",108,253,3280,1425,3.29,list(c(-77.069226, -77.068015, -77.066037, -77.065124, -77.059006, -77.058066, -77.056118, -77.056201, -77.050778, -77.046246, -77.043521, -77.043461, -77.042193, -77.040558, -77.042148, -77.042186, -77.044142, -77.044842, -77.044988, -77.04572, -77.046609, -77.047057, -77.047026, -77.046955, -77.045844, -77.045288, -77.044961, -77.044116, -77.046147, -77.047684, -77.049674, -77.051649, -77.051569, -77.055803, -77.056712, -77.065678, -77.066714, -77.069425, -77.069226, 38.954694, 38.957059, 38.958618, 
38.958478, 38.957472, 38.956712, 38.958561, 38.961013, 38.961903, 38.960384, 38.961365, 38.961395, 38.960394, 38.959428, 38.957867, 38.954585, 38.952888, 38.951974, 38.951239, 38.950494, 38.950046, 38.94965, 38.949383, 38.948275, 38.947792, 38.947871, 38.948346, 38.948103, 38.945507, 38.945771, 38.943759, 38.946493, 38.948642, 38.947948, 38.94789, 38.947895, 38.949683, 38.954336, 38.954694))
"11001001302",446,646,6246,2450,7.14,list(c(-77.065678, -77.056712, -77.055803, -77.051569, -77.051649, -77.049674, -77.049693, -77.050019, -77.051156, -77.051209, -77.051539, -77.052102, -77.052029, -77.051384, -77.050298, -77.048367, -77.047878, -77.048033, -77.050503, -77.050833, -77.054582, -77.055716, -77.05677, -77.059243, -77.061517, -77.061654, -77.062921, -77.065006, -77.065678, 38.947895, 38.94789, 38.947948, 38.948642, 38.946493, 38.943759, 38.943733, 38.943254, 38.941718, 38.94045, 38.93967, 38.938149, 38.937778, 38.937434, 
38.937187, 38.937277, 38.936966, 38.935054, 38.933224, 38.933723, 38.932704, 38.930755, 38.93257, 38.936824, 38.940735, 38.940972, 38.943154, 38.946736, 38.947895))
"11001001401",84,210,2917,963,2.88,list(c(-77.0774366982071, -77.0716409840087, -77.070182, -77.070141, -77.06841, -77.062046, -77.066238, -77.070831, -77.073309, -77.075049, -77.076839, -77.0774366982071, 38.9673218177274, 38.9717775427368, 38.969763, 38.969697, 38.96581, 38.965813, 38.961013, 38.961013, 38.961017, 38.963999, 38.966976, 38.9673218177274))
"11001001402",111,256,2612,1298,4.25,list(c(-77.073309, -77.070831, -77.066238, -77.062046, -77.059129, -77.056191, -77.056201, -77.056118, -77.058066, -77.059006, -77.065124, -77.066037, -77.068015, -77.069226, -77.069425, -77.06963, -77.072154, -77.073309, 38.961017, 38.961013, 38.961013, 38.965813, 38.96588, 38.963635, 38.961013, 38.958561, 38.956712, 38.957472, 38.958478, 38.958618, 38.957059, 38.954694, 38.954336, 38.954691, 38.959026, 38.961017))
"11001001500",447,594,5070,1585,8.82,list(c(-77.0716409840087, -77.0695635808711, -77.0689510030664, -77.0666905196187, -77.0625646528884, -77.054299, -77.0529374996208, -77.0522200614323, -77.0516625043103, -77.045758, -77.042382, -77.040146, -77.040779, -77.042302, -77.043529, -77.044735, -77.043956, -77.040153, -77.039561, -77.040093, -77.041183, -77.044407, -77.046714, -77.047606, -77.046275, -77.043521, -77.046246, -77.050778, -77.056201, -77.056191, -77.059129, -77.062046, -77.06841, -77.070141, -77.070182, -77.0716409840087, 
38.9717775427368, 38.9733746430764, 38.9738455907718, 38.9755834426199, 38.9787553946774, 38.98511, 38.9861336844956, 38.986673111705, 38.9870923275862, 38.984151, 38.983852, 38.982504, 38.980876, 38.980181, 38.9808, 38.979925, 38.97827, 38.976399, 38.974222, 38.972836, 38.971201, 38.970997, 38.967749, 38.965044, 38.963104, 38.961365, 38.960384, 38.961903, 38.961013, 38.963635, 38.96588, 38.965813, 38.96581, 38.969697, 38.969763, 38.9717775427368))
"11001001600",175,277,3221,1044,5.43,list(c(-77.0465412510744, -77.0423889986637, -77.040999, -77.0367692514116, -77.0364613501893, -77.036299, -77.033707359689, -77.0312349218127, -77.0266962184868, -77.0266345528952, -77.0265907040259, -77.026426, -77.026433, -77.032967, -77.036364, -77.036371, -77.037462, -77.040093, -77.039561, -77.040153, -77.043956, -77.044735, -77.043529, -77.042302, -77.040779, -77.040146, -77.042382, -77.045758, -77.0516625043103, -77.0465412510744, 38.990942893929, 38.9940648882228, 38.99511, 38.9920501818722, 
38.9918274448178, 38.99171, 38.9897319353213, 38.9878448516806, 38.9843806947534, 38.9843336286046, 38.9843001610361, 38.978303, 38.977982, 38.978024, 38.974864, 38.972269, 38.973055, 38.972836, 38.974222, 38.976399, 38.97827, 38.979925, 38.9808, 38.980181, 38.980876, 38.982504, 38.983852, 38.984151, 38.9870923275862, 38.990942893929))
"11001001702",174,293,2632,1062,6.61,list(c(-77.022857, -77.022766, -77.019835, -77.019267, -77.0187064975833, -77.0186545534322, -77.0173231309697, -77.015598, -77.013798, -77.0110567340993, -77.0085892746401, -77.009042, -77.009562, -77.012926, -77.014771, -77.019895, -77.025406, -77.022857, 38.973512, 38.973609, 38.977475, 38.977949, 38.9782825550368, 38.9782429087594, 38.977226703025, 38.97591, 38.97441, 38.9722668284776, 38.9703377238095, 38.969893, 38.963905, 38.966991, 38.969936, 38.969923, 38.969924, 38.973512))
"11001001803",502,471,3461,1310,14.5,list(c(-77.046714, -77.044407, -77.041183, -77.040093, -77.037462, -77.036371, -77.033416, -77.033418, -77.033418, -77.033425, -77.034796, -77.03642, -77.040047, -77.043461, -77.043521, -77.046275, -77.047606, -77.046714, 38.967749, 38.970997, 38.971201, 38.972836, 38.973055, 38.972269, 38.972263, 38.967566, 38.96685, 38.962042, 38.962241, 38.962592, 38.963076, 38.961395, 38.961365, 38.963104, 38.965044, 38.967749))
"11001001804",887,998,5071,2331,17.49,list(c(-77.033418, -77.033418, -77.033416, -77.029692, -77.027024, -77.027265, -77.027501, -77.02771, -77.027889, -77.028013, -77.02852, -77.029694, -77.033425, -77.033418, 38.96685, 38.967566, 38.972263, 38.972263, 38.972354, 38.969925, 38.967288, 38.964954, 38.9627, 38.961226, 38.961338, 38.961506, 38.962042, 38.96685))
"11001001901",188,292,3373,1306,5.57,list(c(-77.028013, -77.027889, -77.02771, -77.027501, -77.027265, -77.025406, -77.019895, -77.019895, -77.019897, -77.019895, -77.019896, -77.019897, -77.027922, -77.028031, -77.028013, 38.961226, 38.9627, 38.964954, 38.967288, 38.969925, 38.969924, 38.969923, 38.967288, 38.96495, 38.963772, 38.9627, 38.958733, 38.960918, 38.961014, 38.961226))
"11001001902",147,241,1936,841,7.59,list(c(-77.019896, -77.019895, -77.019897, -77.019895, -77.019895, -77.014771, -77.012926, -77.009562, -77.010713, -77.009533, -77.009251, -77.012326, -77.013422, -77.019897, -77.019896, 38.9627, 38.963772, 38.96495, 38.967288, 38.969923, 38.969936, 38.966991, 38.963905, 38.962357, 38.960864, 38.960184, 38.960198, 38.958733, 38.958733, 38.9627))
"11001002001",240,334,2344,901,10.24,list(c(-77.043461, -77.040047, -77.03642, -77.034796, -77.033425, -77.029694, -77.02852, -77.030161, -77.033411, -77.033761, -77.036415, -77.036398, -77.038538, -77.039788, -77.038708, -77.042193, -77.043461, 38.961395, 38.963076, 38.962592, 38.962241, 38.962042, 38.961506, 38.961338, 38.959882, 38.956196, 38.955653, 38.952535, 38.956212, 38.956043, 38.957243, 38.959721, 38.960394, 38.961395))
"11001002002",183,306,3351,1367,5.46,list(c(-77.036415, -77.033761, -77.033411, -77.030161, -77.02852, -77.028013, -77.028031, -77.028175, -77.028029, -77.027881, -77.027429, -77.027135, -77.027035, -77.0266, -77.029643, -77.032724, -77.036424, -77.036415, 38.952535, 38.955653, 38.956196, 38.959882, 38.961338, 38.961226, 38.961014, 38.95728, 38.956216, 38.955148, 38.951868, 38.949734, 38.948991, 38.946125, 38.946125, 38.948264, 38.94826, 38.952535))
"11001002101",1110,1171,5204,2378,21.33,list(c(-77.028031, -77.027922, -77.019897, -77.019937, -77.019837, -77.019788, -77.019681, -77.023829, -77.027429, -77.027881, -77.028029, -77.028175, -77.028031, 38.961014, 38.960918, 38.958733, 38.95752, 38.955379, 38.954309, 38.952083, 38.951966, 38.951868, 38.955148, 38.956216, 38.95728, 38.961014))
"11001002102",479,612,4295,1679,11.15,list(c(-77.019897, -77.013422, -77.012326, -77.009251, -77.009051, -77.009049, -77.009006, -77.009046, -77.009007, -77.012429, -77.013458, -77.015891, -77.019681, -77.019788, -77.019837, -77.019937, -77.019897, 38.958733, 38.958733, 38.960198, 38.960184, 38.959608, 38.95766, 38.956943, 38.954815, 38.952407, 38.952308, 38.952276, 38.952204, 38.952083, 38.954309, 38.955379, 38.95752, 38.958733))
"11001002201",193,337,3169,1369,6.09,list(c(-77.027429, -77.023829, -77.019681, -77.019546, -77.019513, -77.019413, -77.0266, -77.027035, -77.027135, -77.027429, 38.951868, 38.951966, 38.952083, 38.949211, 38.94847, 38.946335, 38.946125, 38.948991, 38.949734, 38.951868))
"11001002202",734,687,3633,1541,20.2,list(c(-77.019681, -77.015891, -77.013458, -77.012429, -77.009007, -77.008669, -77.008917, -77.010926, -77.01154, -77.016071, -77.016811, -77.017333, -77.019413, -77.019513, -77.019546, -77.019681, 38.952083, 38.952204, 38.952276, 38.952308, 38.952407, 38.947098, 38.946006, 38.944613, 38.944329, 38.94643, 38.946409, 38.946395, 38.946335, 38.94847, 38.949211, 38.952083))
"11001002301",362,509,2829,1133,12.8,list(c(-77.019275, -77.019413, -77.017333, -77.016811, -77.016071, -77.01154, -77.012718, -77.016459, -77.017407, -77.019033, -77.019045, -77.0192, -77.019954, -77.019275, 38.943675, 38.946335, 38.946395, 38.946409, 38.94643, 38.944329, 38.942701, 38.938693, 38.937882, 38.937398, 38.938841, 38.942054, 38.943101, 38.943675))
"11001002302",68,203,1061,733,6.41,list(c(-77.019226, -77.019033, -77.017407, -77.016459, -77.012718, -77.01154, -77.010926, -77.009581, -77.008034, -77.008313, -77.006359, -77.002132, -77.000982, -77.003669, -77.006293, -77.008939, -77.012142, -77.014474, -77.017984, -77.017981, -77.018277, -77.018804, -77.019161, -77.019193, -77.019226, 38.936899, 38.937398, 38.937882, 38.938693, 38.942701, 38.944329, 38.944613, 38.943237, 38.942381, 38.940626, 38.936592, 38.936155, 38.931215, 38.92968, 38.92701, 38.926678, 38.926282, 38.926345, 
38.928449, 38.928891, 38.930556, 38.932691, 38.934159, 38.935215, 38.936899))
"11001002400",379,435,3816,1285,9.93,list(c(-77.0266, -77.019413, -77.019275, -77.019954, -77.0192, -77.019045, -77.019033, -77.024312, -77.02469, -77.02524, -77.025514, -77.0266, 38.946125, 38.946335, 38.943675, 38.943101, 38.942054, 38.938841, 38.937398, 38.936421, 38.938684, 38.940811, 38.941873, 38.946125))
"11001002501",327,484,2253,1206,14.51,list(c(-77.036424, -77.032724, -77.029643, -77.0266, -77.025514, -77.029704, -77.032727, -77.036441, -77.036424, 38.94826, 38.948264, 38.946125, 38.946125, 38.941873, 38.941865, 38.941867, 38.941874, 38.94826))
"11001002502",662,731,5471,2248,12.1,list(c(-77.036445, -77.036441, -77.032727, -77.029704, -77.025514, -77.02524, -77.02469, -77.024312, -77.025244, -77.029725, -77.03273, -77.03391, -77.036447, -77.036445, 38.938231, 38.941874, 38.941867, 38.941865, 38.941873, 38.940811, 38.938684, 38.936421, 38.935128, 38.936285, 38.937078, 38.937387, 38.937427, 38.938231))
"11001002600",123,228,2079,707,5.92,list(c(-77.052102, -77.051539, -77.051209, -77.051156, -77.050019, -77.049693, -77.049674, -77.047684, -77.046147, -77.044116, -77.044961, -77.045288, -77.045844, -77.046955, -77.047026, -77.047057, -77.046609, -77.04572, -77.044988, -77.044842, -77.044142, -77.042186, -77.042148, -77.040558, -77.042193, -77.038708, -77.039788, -77.038538, -77.036398, -77.036415, -77.036424, -77.036441, -77.036445, -77.03743, -77.038621, -77.040928, -77.045414, -77.047713, -77.04824, -77.050198, -77.050424, -77.050503, 
-77.048033, -77.047878, -77.048367, -77.050298, -77.051384, -77.052029, -77.052102, 38.938149, 38.93967, 38.94045, 38.941718, 38.943254, 38.943733, 38.943759, 38.945771, 38.945507, 38.948103, 38.948346, 38.947871, 38.947792, 38.948275, 38.949383, 38.94965, 38.950046, 38.950494, 38.951239, 38.951974, 38.952888, 38.954585, 38.957867, 38.959428, 38.960394, 38.959721, 38.957243, 38.956043, 38.956212, 38.952535, 38.94826, 38.941874, 38.938231, 38.937852, 38.937211, 38.936285, 38.935879, 38.935053, 38.934157, 
38.933065, 38.933189, 38.933224, 38.935054, 38.936966, 38.937277, 38.937187, 38.937434, 38.937778, 38.938149))
"11001002701",355,555,4884,2105,7.27,list(c(-77.050198, -77.04824, -77.047713, -77.045414, -77.040928, -77.038621, -77.03743, -77.036445, -77.036447, -77.036451, -77.036456, -77.03646, -77.038839, -77.040583, -77.041294, -77.04312, -77.044191, -77.04908, -77.050198, 38.933065, 38.934157, 38.935053, 38.935879, 38.936285, 38.937211, 38.937852, 38.938231, 38.937427, 38.934966, 38.933288, 38.931653, 38.932532, 38.932342, 38.932333, 38.932337, 38.932745, 38.932627, 38.933065))
"11001002702",283,417,5936,2125,4.77,list(c(-77.050503, -77.050424, -77.050198, -77.04908, -77.044191, -77.04312, -77.041294, -77.040583, -77.038839, -77.03646, -77.036476, -77.036707, -77.037427, -77.041214, -77.041887, -77.043368, -77.044112, -77.044699, -77.044537, -77.046804, -77.046974, -77.047122, -77.047262, -77.050854, -77.050503, 38.933224, 38.933189, 38.933065, 38.932627, 38.932745, 38.932337, 38.932333, 38.932342, 38.932532, 38.931653, 38.928687, 38.927118, 38.926991, 38.927182, 38.927229, 38.927969, 38.927022, 38.927454, 
38.92851, 38.931106, 38.93133, 38.931448, 38.931522, 38.932826, 38.933224))
"11001002801",432,494,3674,1587,11.76,list(c(-77.036451, -77.036447, -77.03391, -77.03273, -77.032732, -77.032735, -77.036456, -77.036451, 38.934966, 38.937427, 38.937387, 38.937078, 38.934121, 38.931868, 38.933288, 38.934966))
"11001002802",738,763,4327,1655,17.06,list(c(-77.036707, -77.036476, -77.03646, -77.036456, -77.032735, -77.032663, -77.032612, -77.032407, -77.036489, -77.036488, -77.036707, 38.927118, 38.928687, 38.931653, 38.933288, 38.931868, 38.93034, 38.928805, 38.926573, 38.926272, 38.926525, 38.927118))
"11001002900",328,375,4361,1292,7.52,list(c(-77.032732, -77.03273, -77.029725, -77.025244, -77.027483, -77.02826, -77.029709, -77.032663, -77.032735, -77.032732, 38.934121, 38.937078, 38.936285, 38.935128, 38.932137, 38.931821, 38.931323, 38.93034, 38.931868, 38.934121))
"11001003000",125,266,3297,1282,3.79,list(c(-77.032663, -77.029709, -77.02826, -77.02751, -77.027046, -77.029707, -77.032407, -77.032612, -77.032663, 38.93034, 38.931323, 38.931821, 38.928705, 38.926749, 38.926742, 38.926573, 38.928805, 38.93034))
"11001003100",262,394,3098,1329,8.46,list(c(-77.02826, -77.027483, -77.025244, -77.024312, -77.024022, -77.023773, -77.02337, -77.022964, -77.027046, -77.02751, -77.02826, 38.931821, 38.932137, 38.935128, 38.936421, 38.934506, 38.93281, 38.930018, 38.927226, 38.926749, 38.928705, 38.931821))
"11001003200",474,506,4433,1747,10.69,list(c(-77.024312, -77.019033, -77.019226, -77.019193, -77.019161, -77.018804, -77.018277, -77.017981, -77.017984, -77.020582, -77.022964, -77.02337, -77.023773, -77.024022, -77.024312, 38.936421, 38.937398, 38.936899, 38.935215, 38.934159, 38.932691, 38.930556, 38.928891, 38.928449, 38.92798, 38.927226, 38.930018, 38.93281, 38.934506, 38.936421))
"11001003301",188,316,3351,1310,5.61,list(c(-77.014935, -77.012148, -77.012142, -77.008939, -77.009002, -77.009, -77.014278, -77.014374, -77.014501, -77.014802, -77.014935, 38.920668, 38.921306, 38.926282, 38.926678, 38.918106, 38.916893, 38.915054, 38.915886, 38.916995, 38.919663, 38.920668))
"11001003302",114,231,2180,845,5.23,list(c(-77.014278, -77.009, -77.008999, -77.009013, -77.009026, -77.012157, -77.014085, -77.014085, -77.014278, 38.915054, 38.916893, 38.915564, 38.914085, 38.910783, 38.912117, 38.912935, 38.913344, 38.915054))
"11001003400",256,391,4473,1549,5.72,list(c(-77.022964, -77.020582, -77.017984, -77.014474, -77.012142, -77.012148, -77.014935, -77.014802, -77.014501, -77.014374, -77.014278, -77.014085, -77.014085, -77.0169, -77.018109, -77.020658, -77.021893, -77.021912, -77.022523, -77.022964, 38.927226, 38.92798, 38.928449, 38.926345, 38.926282, 38.921306, 38.920668, 38.919663, 38.916995, 38.915886, 38.915054, 38.913344, 38.912935, 38.914137, 38.914646, 38.915738, 38.916261, 38.919894, 38.924183, 38.927226))
"11001003500",398,445,5299,1529,7.51,list(c(-77.027046, -77.022964, -77.022523, -77.021912, -77.021893, -77.023955, -77.025849, -77.027036, -77.027038, -77.027046, 38.926749, 38.927226, 38.924183, 38.919894, 38.916261, 38.91699, 38.920439, 38.920763, 38.923767, 38.926749))
"11001003600",592,586,4803,2025,12.33,list(c(-77.032407, -77.029707, -77.027046, -77.027038, -77.027036, -77.028866, -77.029677, -77.031941, -77.03193, -77.032132, -77.032143, -77.032407, 38.926573, 38.926742, 38.926749, 38.923767, 38.920763, 38.920657, 38.920499, 38.920064, 38.92166, 38.923635, 38.923763, 38.926573))
"11001003700",259,468,5547,2299,4.67,list(c(-77.036488, -77.036491, -77.036489, -77.032407, -77.032143, -77.032132, -77.03193, -77.031941, -77.034414, -77.036496, -77.036488, 38.922732, 38.92325, 38.926272, 38.926573, 38.923763, 38.923635, 38.92166, 38.920064, 38.919183, 38.919145, 38.922732))
"11001003800",420,543,4633,1685,9.07,list(c(-77.042094, -77.039936, -77.03845, -77.036488, -77.036489, -77.036491, -77.036488, -77.036496, -77.038473, -77.040191, -77.041224, -77.041656, -77.041704, -77.042684, -77.042094, 38.923055, 38.924486, 38.925357, 38.926525, 38.926272, 38.92325, 38.922732, 38.919145, 38.918523, 38.918044, 38.917008, 38.91678, 38.919659, 38.922661, 38.923055))
"11001003900",261,408,4161,1342,6.27,list(c(-77.048944, -77.046162, -77.044699, -77.044112, -77.043368, -77.041887, -77.041214, -77.037427, -77.036707, -77.036488, -77.03845, -77.039936, -77.042094, -77.042684, -77.043359, -77.04734, -77.048565, -77.049515, -77.048944, 38.928, 38.92596, 38.927454, 38.927022, 38.927969, 38.927229, 38.927182, 38.926991, 38.927118, 38.926525, 38.925357, 38.924486, 38.923055, 38.922661, 38.923239, 38.923248, 38.923344, 38.928134, 38.928))
"11001004001",190,344,3647,1632,5.21,list(c(-77.050181, -77.04854, -77.048565, -77.04734, -77.043359, -77.042684, -77.043143, -77.044398, -77.044781, -77.046268, -77.046285, -77.047027, -77.04794, -77.048608, -77.050181, 38.921241, 38.922771, 38.923344, 38.923248, 38.923239, 38.922661, 38.922334, 38.919664, 38.919052, 38.916596, 38.915991, 38.917331, 38.918613, 38.918797, 38.921241))
"11001004002",66,188,2780,955,2.37,list(c(-77.046268, -77.044781, -77.044398, -77.043143, -77.042684, -77.041704, -77.041656, -77.043436, -77.046088, -77.046285, -77.046268, 38.916596, 38.919052, 38.919664, 38.922334, 38.922661, 38.919659, 38.91678, 38.915888, 38.914434, 38.915991, 38.916596))
"11001004100",27,142,2227,925,1.21,list(c(-77.05832, -77.058258, -77.055322, -77.054581, -77.05185, -77.051071, -77.050181, -77.048608, -77.04794, -77.047027, -77.046285, -77.046088, -77.046574, -77.048733, -77.048797, -77.050146, -77.05126, -77.05312, -77.055323, -77.059067, -77.05832, 38.917762, 38.917716, 38.919035, 38.91993, 38.91958, 38.91988, 38.921241, 38.918797, 38.918613, 38.917331, 38.915991, 38.914434, 38.91403, 38.911414, 38.909634, 38.909635, 38.910753, 38.91215, 38.91293, 38.91592, 38.917762))
"11001004201",55,203,3485,1376,1.58,list(c(-77.041656, -77.041224, -77.040191, -77.038473, -77.036496, -77.036492, -77.036502, -77.036509, -77.03848, -77.039275, -77.041662, -77.041656, 38.91678, 38.917008, 38.918044, 38.918523, 38.919145, 38.917002, 38.916289, 38.914093, 38.914091, 38.914092, 38.914092, 38.91678))
"11001004202",59,180,2459,839,2.4,list(c(-77.046088, -77.043436, -77.041656, -77.041662, -77.039275, -77.04066, -77.04167, -77.042977, -77.043604, -77.045157, -77.046088, 38.914434, 38.915888, 38.91678, 38.914092, 38.914092, 38.912608, 38.911534, 38.910142, 38.910246, 38.912606, 38.914434))
"11001004300",237,351,3244,1425,7.31,list(c(-77.036502, -77.036492, -77.036496, -77.034414, -77.031941, -77.031951, -77.031951, -77.034545, -77.036509, -77.036502, 38.916289, 38.917002, 38.919145, 38.919183, 38.920064, 38.916998, 38.914094, 38.914092, 38.914093, 38.916289))
"11001004400",154,374,5283,1780,2.92,list(c(-77.031951, -77.031941, -77.029677, -77.028866, -77.027036, -77.025849, -77.023955, -77.021893, -77.021916, -77.027035, -77.02962, -77.031951, -77.031951, 38.916998, 38.920064, 38.920499, 38.920657, 38.920763, 38.920439, 38.91699, 38.916261, 38.914088, 38.91409, 38.914088, 38.914094, 38.916998))
"11001004600",280,408,2670,1262,10.49,list(c(-77.0169, -77.014085, -77.012157, -77.009026, -77.009002, -77.01216, -77.01365, -77.014814, -77.015441, -77.015908, -77.016154, -77.016163, -77.016295, -77.018109, -77.0169, 38.914137, 38.912935, 38.912117, 38.910783, 38.907274, 38.906269, 38.905813, 38.905417, 38.907235, 38.908574, 38.909247, 38.909642, 38.909642, 38.914646, 38.914137))
"11001004701",206,341,4020,2231,5.12,list(c(-77.021919, -77.018928, -77.016281, -77.014814, -77.01365, -77.01216, -77.009002, -77.009063, -77.009064, -77.012171, -77.021918, -77.021919, 38.902939, 38.903916, 38.904923, 38.905417, 38.905813, 38.906269, 38.907274, 38.905647, 38.902515, 38.902516, 38.902521, 38.902939))
"11001004702",96,210,2156,746,4.45,list(c(-77.021918, -77.012171, -77.009064, -77.009066, -77.012349, -77.014076, -77.018927, -77.021915, -77.021918, 38.902521, 38.902516, 38.902515, 38.897555, 38.898824, 38.899382, 38.901124, 38.902101, 38.902521))
"11001004801",157,290,1907,901,8.23,list(c(-77.021916, -77.021893, -77.020658, -77.018109, -77.016295, -77.016163, -77.016154, -77.015908, -77.018925, -77.021914, -77.021918, -77.021916, 38.914088, 38.916261, 38.915738, 38.914646, 38.909642, 38.909642, 38.909247, 38.908574, 38.908571, 38.908571, 38.91239, 38.914088))
"11001004802",261,422,3271,1359,7.98,list(c(-77.021914, -77.021919, -77.021914, -77.018925, -77.015908, -77.015441, -77.014814, -77.016281, -77.018928, -77.021919, -77.021914, 38.905643, 38.90724, 38.908571, 38.908571, 38.908574, 38.907235, 38.905417, 38.904923, 38.903916, 38.902939, 38.905643))
"11001004901",192,309,2397,948,8.01,list(c(-77.027036, -77.027035, -77.027035, -77.021916, -77.021918, -77.021914, -77.02397, -77.027036, -77.027036, 38.909645, 38.912607, 38.91409, 38.914088, 38.91239, 38.908571, 38.908574, 38.908576, 38.909645))
"11001004902",275,381,2696,1152,10.2,list(c(-77.027037, -77.027036, -77.027036, -77.02397, -77.021914, -77.021919, -77.021914, -77.021919, -77.023938, -77.02705, -77.027037, 38.905647, 38.90724, 38.908576, 38.908574, 38.908571, 38.90724, 38.905643, 38.902939, 38.902931, 38.903949, 38.905647))
"11001005001",94,237,2015,819,4.67,list(c(-77.031951, -77.02962, -77.027035, -77.027035, -77.027036, -77.028082, -77.029628, -77.029996, -77.031952, -77.031951, 38.914094, 38.914088, 38.91409, 38.912607, 38.909645, 38.910253, 38.910192, 38.909166, 38.909648, 38.914094))
"11001005002",309,512,5630,2084,5.49,list(c(-77.031952, -77.029996, -77.029628, -77.028082, -77.027036, -77.027036, -77.027036, -77.027037, -77.02705, -77.029623, -77.031535, -77.03164, -77.03195, -77.031952, 38.909648, 38.909166, 38.910192, 38.910253, 38.909645, 38.908576, 38.90724, 38.905647, 38.903949, 38.904835, 38.905507, 38.905929, 38.907645, 38.909648))
"11001005201",344,542,5915,2091,5.82,list(c(-77.036518, -77.036515, -77.036509, -77.034545, -77.031951, -77.031952, -77.03195, -77.03164, -77.031535, -77.032125, -77.03237, -77.034568, -77.036185, -77.036137, -77.036524, -77.036518, 38.911124, 38.912609, 38.914093, 38.914092, 38.914094, 38.909648, 38.907645, 38.905929, 38.905507, 38.905305, 38.905794, 38.906558, 38.907132, 38.907224, 38.909642, 38.911124))
"11001005301",152,284,4632,1476,3.28,list(c(-77.042977, -77.04167, -77.04066, -77.039275, -77.03848, -77.036509, -77.036515, -77.036518, -77.036524, -77.036137, -77.036185, -77.03653, -77.036868, -77.042716, -77.042649, -77.042977, 38.910142, 38.911534, 38.912608, 38.914092, 38.914091, 38.914093, 38.912609, 38.911124, 38.909642, 38.907224, 38.907132, 38.907021, 38.907353, 38.90939, 38.909643, 38.910142))
"11001005500",174,391,5896,2702,2.95,list(c(-77.055491, -77.053601, -77.050146, -77.048797, -77.048733, -77.046574, -77.046088, -77.045157, -77.043604, -77.042977, -77.042649, -77.042716, -77.04391, -77.045684, -77.047479, -77.04945, -77.049566, -77.05012, -77.050785, -77.051416, -77.055916, -77.055491, 38.905254, 38.908496, 38.909635, 38.909634, 38.911414, 38.91403, 38.914434, 38.912606, 38.910246, 38.910142, 38.909643, 38.90939, 38.909145, 38.907242, 38.905309, 38.902632, 38.902175, 38.901987, 38.902463, 38.902977, 38.904536, 38.905254
))
"11001005600",145,303,5752,2603,2.52,list(c(-77.057787, -77.056637, -77.055916, -77.051416, -77.050785, -77.05012, -77.050131, -77.050135, -77.050117, -77.052757, -77.053138, -77.053383, -77.056653, -77.058549, -77.057787, 38.902545, 38.903295, 38.904536, 38.902977, 38.902463, 38.901987, 38.899574, 38.898327, 38.896024, 38.896195, 38.898683, 38.897512, 38.897669, 38.901499, 38.902545))
"11001005800",55,197,2386,893,2.31,list(c(-77.033642, -77.023989, -77.023938, -77.021919, -77.021918, -77.021915, -77.018927, -77.019007, -77.019899, -77.021919, -77.029886, -77.031955, -77.033649, -77.033642, 38.898782, 38.902089, 38.902931, 38.902939, 38.902521, 38.902101, 38.901124, 38.894679, 38.892759, 38.893295, 38.895502, 38.895499, 38.896403, 38.898782))
"11001005900",106,254,2755,1041,3.85,list(c(-77.019007, -77.018927, -77.014076, -77.012349, -77.009066, -77.00906, -77.013179, -77.014022, -77.016258, -77.019899, -77.019007, 38.894679, 38.901124, 38.899382, 38.898824, 38.897555, 38.895103, 38.89209, 38.892082, 38.891884, 38.892759, 38.894679))
"11001006202",0,168,117,272,0,list(c(-77.0646579445255, -77.063252, -77.055942, -77.056637, -77.056653, -77.053383, -77.053138, -77.052757, -77.050117, -77.048023, -77.046682, -77.040676, -77.039481, -77.03946, -77.037955, -77.036554, -77.035129, -77.033642, -77.033649, -77.031955, -77.029886, -77.021919, -77.019899, -77.016258, -77.014022, -77.013179, -77.00906, -77.009066, -77.006718, -77.003509, -77.00351, -77.003517, -77.005889, -77.005925, -77.003515, -77.003515, -77.002039, -77.003519, -77.003514, -77.005893, -77.009061, 
-77.009068, -77.013557, -77.017547, -77.021916, -77.031986, -77.03221, -77.032702, -77.032361, -77.023777, -77.020314, -77.020162, -77.0318317383801, -77.034004, -77.039299, -77.038899, -77.039099, -77.040599, -77.0415899124088, -77.043299, -77.0434540926829, -77.045399, -77.046599, -77.045599, -77.046299, -77.049099, -77.051299, -77.051099, -77.054099, -77.055199, -77.058254, -77.063499, -77.0646579445255, 38.8918438452555, 38.891775, 38.893082, 38.894789, 38.897669, 38.897512, 38.898683, 38.896195, 
38.896024, 38.896017, 38.895316, 38.8921, 38.8921, 38.898813, 38.900202, 38.900201, 38.900202, 38.898782, 38.896403, 38.895499, 38.895502, 38.893295, 38.892759, 38.891884, 38.892082, 38.89209, 38.895103, 38.897555, 38.895986, 38.897337, 38.895207, 38.893582, 38.893625, 38.890969, 38.891916, 38.889808, 38.887598, 38.887614, 38.886039, 38.885065, 38.885065, 38.883857, 38.887175, 38.887571, 38.887563, 38.887582, 38.883421, 38.88261, 38.882402, 38.876411, 38.870014, 38.85733, 38.8508965123416, 38.857142, 
38.864312, 38.865812, 38.868112, 38.871212, 38.8722396128683, 38.874012, 38.8741006243902, 38.875212, 38.874912, 38.873012, 38.871312, 38.870712, 38.873212, 38.875212, 38.879112, 38.880012, 38.880069, 38.888611, 38.8918438452555))
"11001006400",109,210,1849,890,5.9,list(c(-77.015341, -77.014341, -77.013368, -77.014429, -77.013865, -77.009098, -77.009084, -77.008716, -77.005457, -77.00819, -77.009124, -77.015678, -77.015341, 38.866842, 38.872035, 38.872977, 38.873987, 38.876458, 38.876469, 38.872976, 38.870449, 38.868707, 38.864481, 38.863596, 38.859865, 38.866842))
"11001006500",68,218,2369,1072,2.87,list(c(-77.009068, -77.009061, -77.005893, -77.003514, -77.003519, -77.002852, -76.996175, -76.996175, -76.996179, -76.998449, -77.002034, -77.002049, -77.006679, -77.009112, -77.009068, 38.883857, 38.885065, 38.885065, 38.886039, 38.887614, 38.88752, 38.884806, 38.884271, 38.883773, 38.882726, 38.882302, 38.880644, 38.880912, 38.881548, 38.883857))
"11001006600",21,174,1602,788,1.31,list(c(-77.003519, -77.002039, -77.003515, -76.998446, -76.994962, -76.99496, -76.996175, -77.002852, -77.003519, 38.887614, 38.887598, 38.889808, 38.889808, 38.889806, 38.884604, 38.884806, 38.88752, 38.887614))
"11001006700",86,209,3651,1070,2.36,list(c(-76.994962, -76.991533, -76.991544, -76.988316, -76.98832, -76.985506, -76.983645, -76.983653, -76.988311, -76.99153, -76.993763, -76.99496, -76.994962, 38.889806, 38.889805, 38.889226, 38.889243, 38.889795, 38.889803, 38.889801, 38.887086, 38.886017, 38.885098, 38.884585, 38.884604, 38.889806))
"11001006801",77,186,1783,750,4.32,list(c(-76.983645, -76.980764, -76.977257, -76.97726, -76.980766, -76.983653, -76.983645, 38.889801, 38.8898, 38.889798, 38.884556, 38.885949, 38.887086, 38.889801))
"11001006802",101,213,2085,756,4.84,list(c(-76.983658, -76.983653, -76.980766, -76.97726, -76.977263, -76.98076, -76.981576, -76.983658, -76.983658, 38.884101, 38.887086, 38.885949, 38.884556, 38.884102, 38.882259, 38.878837, 38.879682, 38.884101))
"11001006804",14,176,124,323,11.29,list(c(-76.98076, -76.977263, -76.97726, -76.977257, -76.973836, -76.975152, -76.974766, -76.970968, -76.969464, -76.961984, -76.9618, -76.963367, -76.966789, -76.971454, -76.973299, -76.978031, -76.97937, -76.980676, -76.981576, -76.98076, 38.882259, 38.884102, 38.884556, 38.889798, 38.890582, 38.893295, 38.894404, 38.895997, 38.897769, 38.897135, 38.896123, 38.889867, 38.885235, 38.880633, 38.87839, 38.876881, 38.877544, 38.878506, 38.878837, 38.882259))
"11001006900",95,225,1979,775,4.8,list(c(-76.993763, -76.99153, -76.988311, -76.983653, -76.983658, -76.983658, -76.988309, -76.991529, -76.99376, -76.993763, 38.884585, 38.885098, 38.886017, 38.887086, 38.884101, 38.879682, 38.881598, 38.882892, 38.883801, 38.884585))
"11001007000",210,350,2001,895,10.49,list(c(-77.002034, -76.998449, -76.996179, -76.996175, -76.996175, -76.99496, -76.993763, -76.99376, -76.991529, -76.991534, -76.991538, -76.996185, -76.998662, -77.002049, -77.002034, 38.882302, 38.882726, 38.883773, 38.884271, 38.884806, 38.884604, 38.884585, 38.883801, 38.882892, 38.878402, 38.877963, 38.879052, 38.879697, 38.880644, 38.882302))
"11001007100",21,166,2751,1393,0.76,list(c(-76.991534, -76.991529, -76.988309, -76.983658, -76.981576, -76.980676, -76.97937, -76.978031, -76.983957, -76.990102, -76.991274, -76.991538, -76.991534, 38.878402, 38.882892, 38.881598, 38.879682, 38.878837, 38.878506, 38.877544, 38.876881, 38.874928, 38.871349, 38.873236, 38.877963, 38.878402))
"11001007200",144,262,3886,1261,3.71,list(c(-77.009113, -77.009112, -77.006679, -77.002049, -76.998662, -76.996185, -76.991538, -76.991274, -76.990102, -76.99246, -76.995482, -77.003415, -77.005457, -77.008716, -77.009084, -77.009098, -77.009147, -77.009113, 38.881435, 38.881548, 38.880912, 38.880644, 38.879697, 38.879052, 38.877963, 38.873236, 38.871349, 38.870129, 38.870073, 38.870878, 38.868707, 38.870449, 38.872976, 38.876469, 38.877529, 38.881435))
"11001007301",20,187,2719,1089,0.74,list(c(-77.044999, -77.044487611898, -77.044199, -77.041699, -77.038549, -77.034541, -77.031698, -77.0318317383801, -77.020162, -77.015678, -77.009124, -77.00819, -77.005457, -77.002397, -77.001803, -77.002078, -77.003446, -77.004736, -77.006957, -77.008083, -77.00836, -77.008835, -77.009155, -77.017151, -77.017307, -77.01737, -77.017969, -77.027477, -77.0387883445095, -77.039098, -77.038098, -77.039199, -77.041199, -77.042599, -77.043499, -77.044899, -77.044999, 38.838512, 38.8395986997167, 38.840212, 
38.840212, 38.839262, 38.840473, 38.850512, 38.8508965123416, 38.85733, 38.859865, 38.863596, 38.864481, 38.868707, 38.867475, 38.865527, 38.862754, 38.860689, 38.858722, 38.852965, 38.849772, 38.845038, 38.840501, 38.839563, 38.829068, 38.828344, 38.823592, 38.820914, 38.819979, 38.8196169981551, 38.821413, 38.828612, 38.832212, 38.833712, 38.833812, 38.833212, 38.834712, 38.838512))
"11001007304",124,270,3038,1331,4.08,list(c(-76.994226, -76.992176, -76.991658, -76.989231, -76.988511, -76.981273, -76.980592, -76.978171, -76.973304, -76.9728438537977, -76.979497, -76.9824909808814, -76.9849693143039, -76.98777, -76.988795, -76.99173, -76.993513, -76.993563, -76.993616, -76.994226, 38.843688, 38.844039, 38.844127, 38.844565, 38.844705, 38.846617, 38.84543, 38.84204, 38.843284, 38.8431497825041, 38.837812, 38.8356347861757, 38.8338325496209, 38.837013, 38.838638, 38.838139, 38.83757, 38.838805, 38.840245, 38.843688
))
"11001007401",52,183,2302,856,2.26,list(c(-77.003415, -76.995482, -76.99246, -76.990102, -76.988166, -76.988977, -76.992324, -76.991221, -76.993159, -76.994327, -76.993649, -76.9936, -76.99355, -76.992074, -76.992478, -76.996075, -76.998763, -77.002366, -77.003446, -77.002078, -77.001803, -77.002397, -77.005457, -77.003415, 38.870878, 38.870073, 38.870129, 38.871349, 38.868536, 38.86795, 38.864631, 38.863318, 38.862268, 38.860654, 38.859443, 38.85848, 38.85547, 38.853814, 38.853564, 38.856067, 38.857518, 38.860576, 38.860689, 38.862754, 
38.865527, 38.867475, 38.868707, 38.870878))
"11001007403",378,445,3369,1466,11.22,list(c(-76.981273, -76.980308, -76.9761, -76.97276, -76.968793, -76.9654382741178, -76.9665705107146, -76.967784, -76.970885, -76.974313, -76.977053, -76.977323, -76.980592, -76.981273, 38.846617, 38.846903, 38.850356, 38.851201, 38.849267, 38.8490912382373, 38.8481828510603, 38.848379, 38.848018, 38.846822, 38.846473, 38.846417, 38.84543, 38.846617))
"11001007404",177,339,3630,1673,4.88,list(c(-76.992074, -76.986937, -76.983338, -76.979845, -76.975898, -76.974335, -76.97276, -76.9761, -76.980308, -76.981273, -76.988511, -76.989231, -76.985047, -76.986382, -76.992478, -76.992074, 38.853814, 38.852768, 38.853366, 38.854294, 38.853628, 38.852631, 38.851201, 38.850356, 38.846903, 38.846617, 38.844705, 38.844565, 38.848964, 38.849944, 38.853564, 38.853814))
"11001007406",162,277,2955,1473,5.48,list(c(-76.9936, -76.993275, -76.990825, -76.988636, -76.987666, -76.987224, -76.986995, -76.986075, -76.983338, -76.986937, -76.992074, -76.99355, -76.9936, 38.85848, 38.858415, 38.858482, 38.858429, 38.857981, 38.857357, 38.85619, 38.854627, 38.853366, 38.852768, 38.853814, 38.85547, 38.85848))
"11001007407",175,289,2463,1069,7.11,list(c(-76.994327, -76.993159, -76.991221, -76.990452, -76.988273, -76.988033, -76.984587, -76.983106, -76.977361, -76.976004, -76.974638, -76.975898, -76.979845, -76.983338, -76.986075, -76.986995, -76.987224, -76.987666, -76.988636, -76.990825, -76.993275, -76.9936, -76.993649, -76.994327, 38.860654, 38.862268, 38.863318, 38.86255, 38.860362, 38.860199, 38.857861, 38.85692, 38.857304, 38.856674, 38.854998, 38.853628, 38.854294, 38.853366, 38.854627, 38.85619, 38.857357, 38.857981, 38.858429, 38.858482, 
38.858415, 38.85848, 38.859443, 38.860654))
"11001007408",128,227,2876,1302,4.45,list(c(-76.975212, -76.973416, -76.971751, -76.969972, -76.969976, -76.969153, -76.966255, -76.965688, -76.9634722062731, -76.9654382741178, -76.968793, -76.97276, -76.974335, -76.975898, -76.974638, -76.976004, -76.975212, 38.856528, 38.855345, 38.856906, 38.855822, 38.853036, 38.851649, 38.85047, 38.852406, 38.8506686036257, 38.8490912382373, 38.849267, 38.851201, 38.852631, 38.853628, 38.854998, 38.856674, 38.856528))
"11001007409",135,265,3577,1570,3.77,list(c(-76.980592, -76.977323, -76.977053, -76.974313, -76.970885, -76.967784, -76.9665705107146, -76.9708093936019, -76.9708517314095, -76.9723265158783, -76.9728438537977, -76.973304, -76.978171, -76.980592, 38.84543, 38.846417, 38.846473, 38.846822, 38.848018, 38.848379, 38.8481828510603, 38.8447820186985, 38.844748051309, 38.8435648398636, 38.8431497825041, 38.843284, 38.84204, 38.84543))
"11001007502",140,295,4723,1980,2.96,list(c(-76.975212, -76.973347, -76.97479, -76.97282, -76.970234, -76.969373, -76.968769, -76.968213, -76.968195, -76.96802, -76.967356, -76.962979, -76.9619414862434, -76.9634722062731, -76.965688, -76.966255, -76.969153, -76.969976, -76.969972, -76.971751, -76.973416, -76.975212, 38.856528, 38.859551, 38.860371, 38.86308, 38.861924, 38.861223, 38.860664, 38.860252, 38.858906, 38.85819, 38.857068, 38.852134, 38.8518966918631, 38.8506686036257, 38.852406, 38.85047, 38.851649, 38.853036, 38.855822, 
38.856906, 38.855345, 38.856528))
"11001007503",170,343,2492,953,6.82,list(c(-76.992324, -76.988977, -76.988708, -76.984361, -76.983186, -76.982171, -76.982679, -76.982963, -76.983666, -76.988033, -76.988273, -76.990452, -76.991221, -76.992324, 38.864631, 38.86795, 38.867515, 38.866634, 38.86642, 38.865326, 38.863615, 38.861313, 38.86053, 38.860199, 38.860362, 38.86255, 38.863318, 38.864631))
"11001007504",174,303,2648,1223,6.57,list(c(-76.988033, -76.983666, -76.982963, -76.982679, -76.982171, -76.983186, -76.979014, -76.977694, -76.975527, -76.97282, -76.97479, -76.973347, -76.975212, -76.976004, -76.977361, -76.983106, -76.984587, -76.988033, 38.860199, 38.86053, 38.861313, 38.863615, 38.865326, 38.86642, 38.865665, 38.865272, 38.864229, 38.86308, 38.860371, 38.859551, 38.856528, 38.856674, 38.857304, 38.85692, 38.857861, 38.860199))
"11001007601",189,313,3505,1577,5.39,list(c(-76.990102, -76.983957, -76.978031, -76.976205, -76.972917, -76.971334, -76.970966, -76.97094, -76.970692, -76.974963, -76.979007, -76.981247, -76.982226, -76.984361, -76.988708, -76.988977, -76.988166, -76.990102, 38.871349, 38.874928, 38.876881, 38.876025, 38.874582, 38.873909, 38.873304, 38.868762, 38.868247, 38.868243, 38.868232, 38.86823, 38.867737, 38.866634, 38.867515, 38.86795, 38.868536, 38.871349))
"11001007603",352,559,3118,1995,11.29,list(c(-76.968195, -76.966681, -76.96221, -76.959, -76.957405, -76.956674, -76.955822, -76.951324, -76.9467461839551, -76.949696, -76.9498609664429, -76.953696, -76.9581401027746, -76.9581489643888, -76.9619414862434, -76.962979, -76.967356, -76.96802, -76.968195, 38.858906, 38.860013, 38.861647, 38.861923, 38.862269, 38.86259, 38.863836, 38.865594, 38.8636217776562, 38.861312, 38.8611965234899, 38.858512, 38.8549465208545, 38.8549394112303, 38.8518966918631, 38.852134, 38.857068, 38.85819, 38.858906
))
"11001007604",120,236,3282,1380,3.66,list(c(-76.971334, -76.970531, -76.969821, -76.967771, -76.964772, -76.960383, -76.953001, -76.951324, -76.955822, -76.956674, -76.957405, -76.959, -76.96221, -76.966681, -76.968195, -76.968213, -76.968769, -76.970817, -76.970213, -76.970221, -76.970692, -76.97094, -76.970966, -76.971334, 38.873909, 38.873522, 38.87313, 38.872308, 38.871087, 38.869291, 38.866279, 38.865594, 38.863836, 38.86259, 38.862269, 38.861923, 38.861647, 38.860013, 38.858906, 38.860252, 38.860664, 38.86472, 38.866276, 38.867212, 
38.868247, 38.868762, 38.873304, 38.873909))
"11001007605",236,349,3120,1327,7.56,list(c(-76.984361, -76.982226, -76.981247, -76.979007, -76.974963, -76.970692, -76.970221, -76.970213, -76.970817, -76.968769, -76.969373, -76.970234, -76.97282, -76.975527, -76.977694, -76.979014, -76.983186, -76.984361, 38.866634, 38.867737, 38.86823, 38.868232, 38.868243, 38.868247, 38.867212, 38.866276, 38.86472, 38.860664, 38.861223, 38.861924, 38.86308, 38.864229, 38.865272, 38.865665, 38.86642, 38.866634))
"11001007703",202,392,4712,2253,4.29,list(c(-76.957496, -76.955232, -76.952946, -76.948282, -76.947245, -76.937878, -76.939889, -76.940555, -76.94093, -76.94252, -76.942977, -76.944179, -76.945772, -76.946677, -76.947812, -76.953091, -76.956266, -76.957496, 38.88363, 38.886797, 38.889821, 38.88982, 38.889839, 38.889884, 38.888198, 38.886544, 38.884581, 38.882476, 38.882112, 38.881417, 38.880869, 38.88283, 38.882842, 38.883611, 38.88363, 38.88363))
"11001007707",124,280,3856,1556,3.22,list(c(-76.944864, -76.942897, -76.936264, -76.93304, -76.93101, -76.929316, -76.925954, -76.9240349501798, -76.9298866240579, -76.9337188787997, -76.9338048141363, -76.9349713257387, -76.942981, -76.944864, 38.879093, 38.880366, 38.880209, 38.881491, 38.88068, 38.880674, 38.881082, 38.881405225682, 38.8768232228149, 38.8738224742119, 38.8737551847548, 38.8728417778189, 38.877043, 38.879093))
"11001007708",245,347,2781,1478,8.81,list(c(-76.966789, -76.963367, -76.956747, -76.952946, -76.955232, -76.957496, -76.958873, -76.963548, -76.971454, -76.966789, 38.885235, 38.889867, 38.889831, 38.889821, 38.886797, 38.88363, 38.881706, 38.881788, 38.880633, 38.885235))
"11001007709",107,220,1760,826,6.08,list(c(-76.978031, -76.973299, -76.971454, -76.963548, -76.958873, -76.961464, -76.962018, -76.96492, -76.964772, -76.967771, -76.969821, -76.970531, -76.971334, -76.972917, -76.976205, -76.978031, 38.876881, 38.87839, 38.880633, 38.881788, 38.881706, 38.878156, 38.877809, 38.876364, 38.871087, 38.872308, 38.87313, 38.873522, 38.873909, 38.874582, 38.876025, 38.876881))
"11001007803",444,496,2954,1351,15.03,list(c(-76.951015, -76.94415, -76.943205, -76.942609, -76.939189, -76.93919, -76.936601, -76.934872, -76.934875, -76.934875, -76.937594, -76.938042, -76.939206, -76.93934, -76.942611, -76.945589, -76.946639, -76.94916, -76.951015, 38.89552, 38.901474, 38.902205, 38.901927, 38.90056, 38.89837, 38.898319, 38.895003, 38.89427, 38.889824, 38.889881, 38.890599, 38.891527, 38.891596, 38.892939, 38.893656, 38.894022, 38.895133, 38.89552))
"11001007804",120,281,2446,1320,4.91,list(c(-76.939189, -76.933751, -76.931667, -76.930213, -76.925144, -76.925671, -76.92628, -76.927957, -76.927966, -76.930054, -76.932047, -76.934875, -76.934875, -76.934872, -76.936601, -76.93919, -76.939189, 38.90056, 38.898974, 38.899755, 38.900017, 38.899747, 38.898348, 38.89661, 38.891884, 38.889812, 38.88982, 38.889806, 38.889824, 38.89427, 38.895003, 38.898319, 38.89837, 38.90056))
"11001007806",102,232,1753,869,5.82,list(c(-76.943205, -76.938649, -76.933321, -76.9315650148695, -76.9312514680512, -76.9275575618494, -76.9235292681466, -76.93021, -76.931669, -76.94152, -76.942609, -76.943205, 38.902205, 38.905326, 38.909724, 38.9104947024166, 38.910244618909, 38.9072983762247, 38.9040854275995, 38.903446, 38.903045, 38.902806, 38.901927, 38.902205))
"11001007807",139,203,2071,898,6.71,list(c(-76.925671, -76.925144, -76.9235292681466, -76.9234510631941, -76.9199019174646, -76.9134133749321, -76.913657, -76.917779, -76.920513, -76.921892, -76.925133, -76.92628, -76.925671, 38.898348, 38.899747, 38.9040854275995, 38.9040230516873, 38.9011922692932, 38.8960170374589, 38.895812, 38.895813, 38.895806, 38.895805, 38.895897, 38.89661, 38.898348))
"11001007808",172,312,3811,1810,4.51,list(c(-76.927957, -76.92628, -76.925133, -76.921892, -76.920513, -76.917779, -76.913657, -76.9134133749321, -76.9128689511191, -76.9122986393994, -76.9109558022081, -76.9108506791288, -76.909395, -76.910795, -76.9123783884484, -76.9132625757576, -76.9133033917624, -76.91417, -76.917785, -76.920707, -76.922909, -76.927966, -76.927957, 38.891884, 38.89661, 38.895897, 38.895805, 38.895806, 38.895813, 38.895812, 38.8960170374589, 38.8955828075168, 38.8951279294988, 38.8940568886994, 38.8939730430124, 
38.892812, 38.891712, 38.8904825454401, 38.889796, 38.8897643075727, 38.889789, 38.8898, 38.889817, 38.889802, 38.889812, 38.891884))
"11001007809",109,237,2403,1195,4.54,list(c(-76.94152, -76.931669, -76.93021, -76.9235292681466, -76.925144, -76.930213, -76.931667, -76.933751, -76.939189, -76.942609, -76.94152, 38.902806, 38.903045, 38.903446, 38.9040854275995, 38.899747, 38.900017, 38.899755, 38.898974, 38.90056, 38.901927, 38.902806))
"11001007901",286,395,3648,1325,7.84,list(c(-76.983648, -76.983644, -76.983647, -76.983596, -76.983256, -76.979273, -76.976239, -76.976491, -76.977257, -76.977259, -76.980764, -76.983052, -76.983648, -76.983648, 38.894783, 38.896667, 38.897326, 38.90001, 38.900181, 38.899477, 38.898949, 38.898818, 38.896116, 38.893301, 38.893374, 38.893327, 38.893504, 38.894783))
"11001007903",118,217,1615,708,7.31,list(c(-76.977257, -76.976491, -76.976239, -76.974173, -76.970385, -76.969464, -76.970968, -76.974766, -76.975152, -76.977259, -76.977257, 38.896116, 38.898818, 38.898949, 38.898587, 38.897925, 38.897769, 38.895997, 38.894404, 38.893295, 38.893301, 38.896116))
"11001008001",135,243,2865,1098,4.71,list(c(-76.99025, -76.983596, -76.983647, -76.983644, -76.983648, -76.983648, -76.98422, -76.990241, -76.990244, -76.99025, 38.897307, 38.90001, 38.897326, 38.896667, 38.894783, 38.893504, 38.893573, 38.893574, 38.894784, 38.897307))
"11001008002",88,216,3228,992,2.73,list(c(-76.991533, -76.99024, -76.990246, -76.990241, -76.98422, -76.983648, -76.983052, -76.980764, -76.977259, -76.975152, -76.973836, -76.977257, -76.980764, -76.983645, -76.985506, -76.98832, -76.988316, -76.991544, -76.991533, 38.889805, 38.890375, 38.892012, 38.893574, 38.893573, 38.893504, 38.893327, 38.893374, 38.893301, 38.893295, 38.890582, 38.889798, 38.8898, 38.889801, 38.889803, 38.889795, 38.889243, 38.889226, 38.889805))
"11001008100",89,243,2861,954,3.11,list(c(-76.994961, -76.994961, -76.994962, -76.994962, -76.991525, -76.99025, -76.990244, -76.990241, -76.990246, -76.99024, -76.991533, -76.994962, -76.994961, 38.891723, 38.892017, 38.894783, 38.895378, 38.896786, 38.897307, 38.894784, 38.893574, 38.892012, 38.890375, 38.889805, 38.889806, 38.891723))
"11001008200",78,224,2716,1007,2.87,list(c(-77.005889, -77.003517, -77.00351, -77.000577, -77.000573, -76.99845, -76.994961, -76.994962, -76.998446, -77.003515, -77.003515, -77.005925, -77.005889, 38.893625, 38.893582, 38.895207, 38.894073, 38.893088, 38.893082, 38.891723, 38.889806, 38.889808, 38.889808, 38.891916, 38.890969, 38.893625))
"11001008301",74,182,2231,913,3.32,list(c(-77.003524, -77.001857, -76.998442, -76.998448, -76.99845, -77.000573, -77.000577, -77.00351, -77.003509, -77.003524, 38.90006, 38.900204, 38.900204, 38.897332, 38.893082, 38.893088, 38.894073, 38.895207, 38.897337, 38.90006))
"11001008302",52,152,2058,652,2.53,list(c(-76.998448, -76.998442, -76.994961, -76.994962, -76.994962, -76.994961, -76.994961, -76.99845, -76.998448, 38.897332, 38.900204, 38.900203, 38.895378, 38.894783, 38.892017, 38.891723, 38.893082, 38.897332))
"11001008402",122,248,1702,887,7.17,list(c(-76.994961, -76.991526, -76.984865, -76.984058, -76.98341, -76.983256, -76.983596, -76.99025, -76.991525, -76.994962, -76.994961, 38.900203, 38.9002, 38.900196, 38.900218, 38.900181, 38.900181, 38.90001, 38.897307, 38.896786, 38.895378, 38.900203))
"11001008410",50,167,1213,585,4.12,list(c(-76.994959, -76.993135, -76.987411, -76.984388, -76.984058, -76.984865, -76.991526, -76.994961, -76.994959, 38.902798, 38.904, 38.901567, 38.900295, 38.900218, 38.900196, 38.9002, 38.900203, 38.902798))
"11001008701",81,216,2081,923,3.89,list(c(-77.009013, -77.008999, -77.009, -77.003513, -77.003507, -77.00351, -77.004371, -77.005331, -77.009026, -77.009013, 38.914085, 38.915564, 38.916893, 38.918726, 38.915568, 38.9126, 38.9126, 38.909211, 38.910783, 38.914085))
"11001008702",161,230,1736,734,9.27,list(c(-77.005331, -77.004371, -77.00351, -77.003507, -77.003513, -77.000569, -76.996193, -76.999385, -77.001354, -77.00225, -77.002506, -77.00473, -77.005331, 38.909211, 38.9126, 38.9126, 38.915568, 38.918726, 38.919761, 38.921328, 38.91541, 38.910114, 38.908607, 38.908001, 38.908958, 38.909211))
"11001008802",383,392,3962,1431,9.67,list(c(-76.9904, -76.988831, -76.984393, -76.982276, -76.980922, -76.981778, -76.98301, -76.98341, -76.984058, -76.984388, -76.987411, -76.993135, -76.9904, 38.906386, 38.907777, 38.90588, 38.90498, 38.904009, 38.902706, 38.900717, 38.900181, 38.900218, 38.900295, 38.901567, 38.904, 38.906386))
"11001008803",297,440,2107,970,14.1,list(c(-77.00225, -77.001354, -76.990739, -76.980806, -76.978167, -76.986951, -76.988831, -76.9904, -76.993135, -76.998336, -77.002506, -77.00225, 38.908607, 38.910114, 38.91371, 38.917184, 38.917282, 38.909446, 38.907777, 38.906386, 38.904, 38.90623, 38.908001, 38.908607))
"11001008804",312,444,2210,1141,14.12,list(c(-76.986951, -76.978167, -76.975303, -76.976327, -76.977366, -76.978838, -76.980922, -76.982276, -76.984393, -76.988831, -76.986951, 38.909446, 38.917282, 38.914146, 38.912642, 38.909586, 38.907271, 38.904009, 38.90498, 38.90588, 38.907777, 38.909446))
"11001008903",318,461,3089,1493,10.29,list(c(-76.98301, -76.981778, -76.980922, -76.978838, -76.976208, -76.970205, -76.972461, -76.976216, -76.982399, -76.98301, 38.900717, 38.902706, 38.904009, 38.907271, 38.906282, 38.905621, 38.904587, 38.903068, 38.900522, 38.900717))
"11001008904",506,495,2805,1240,18.04,list(c(-76.98341, -76.98301, -76.982399, -76.976216, -76.972461, -76.970233, -76.970385, -76.974173, -76.976239, -76.979273, -76.983256, -76.98341, 38.900181, 38.900717, 38.900522, 38.903068, 38.904587, 38.903445, 38.897925, 38.898587, 38.898949, 38.899477, 38.900181, 38.900181))
"11001009000",81,219,2128,1063,3.81,list(c(-76.965161, -76.961486, -76.957718618064, -76.9577049072522, -76.9575313620675, -76.9560509609247, -76.9439574213069, -76.9419210679896, -76.942932, -76.943858, -76.956112, -76.954979, -76.96267, -76.965161, 38.92526, 38.928267, 38.9307973621038, 38.9307867642048, 38.9306526208473, 38.9295083310765, 38.9201605176504, 38.9185864994984, 38.917401, 38.916871, 38.917789, 38.918348, 38.923506, 38.92526))
"11001009102",291,424,4831,1719,6.02,list(c(-76.999385, -76.996193, -76.985623, -76.97913, -76.979001, -76.978998, -76.979006, -76.978466, -76.978167, -76.980806, -76.990739, -77.001354, -76.999385, 38.91541, 38.921328, 38.92462, 38.927709, 38.927481, 38.924509, 38.919894, 38.919095, 38.917282, 38.917184, 38.91371, 38.910114, 38.91541))
"11001009201",161,283,2055,990,7.83,list(c(-77.006293, -77.003669, -77.000982, -76.995062, -76.994434, -76.993994, -76.994074, -76.99465, -76.994966, -77.002444, -77.00599, -77.006293, 38.92701, 38.92968, 38.931215, 38.933625, 38.934019, 38.93147, 38.927441, 38.925582, 38.925582, 38.925594, 38.926506, 38.92701))
"11001009203",147,278,2349,1206,6.26,list(c(-77.009002, -77.008939, -77.006293, -77.00599, -77.002444, -77.002993, -77.003556, -77.00057, -77.000569, -77.000569, -77.003513, -77.009, -77.009002, 38.918106, 38.926678, 38.92701, 38.926506, 38.925594, 38.925243, 38.923429, 38.923439, 38.922985, 38.919761, 38.918726, 38.916893, 38.918106))
"11001009204",268,420,2347,1094,11.42,list(c(-77.002993, -77.002444, -76.994966, -76.99465, -76.995047, -76.996193, -77.000569, -77.000569, -77.00057, -77.003556, -77.002993, 38.925243, 38.925594, 38.925582, 38.925582, 38.92399, 38.921328, 38.919761, 38.922985, 38.923439, 38.923429, 38.925243))
"11001009301",94,245,2659,1273,3.54,list(c(-76.994434, -76.993244, -76.988841, -76.98648, -76.98459, -76.979768, -76.979386, -76.97913, -76.985623, -76.985969, -76.988285, -76.994074, -76.993994, -76.994434, 38.934019, 38.934311, 38.934628, 38.934747, 38.934841, 38.935081, 38.930147, 38.927709, 38.92462, 38.927835, 38.927719, 38.927441, 38.93147, 38.934019))
"11001009302",91,187,881,421,10.33,list(c(-76.995047, -76.99465, -76.994074, -76.988285, -76.985969, -76.985623, -76.996193, -76.995047, 38.92399, 38.925582, 38.927441, 38.927719, 38.927835, 38.92462, 38.921328, 38.92399))
"11001009400",364,499,3969,1572,9.17,list(c(-76.980399, -76.97962, -76.978397, -76.9778263031425, -76.9738876988498, -76.9737462088173, -76.9681589175141, -76.9668313235132, -76.9634357898141, -76.97158, -76.97913, -76.979386, -76.979768, -76.980151, -76.980268, -76.980399, 38.943035, 38.944233, 38.945848, 38.9463397834696, 38.9432954028125, 38.9431860367818, 38.9388672882342, 38.9378411121586, 38.9352165029454, 38.931312, 38.927709, 38.930147, 38.935081, 38.939576, 38.941515, 38.943035))
"11001009501",530,548,6636,2118,7.99,list(c(-77.010926, -77.008917, -77.008669, -77.009007, -77.00783, -77.004705, -77.003314, -77.000458, -77.000266, -77.000077, -76.997546, -76.994723, -76.994434, -76.995062, -77.000982, -77.002132, -77.006359, -77.008313, -77.008034, -77.009581, -77.010926, 38.944613, 38.946006, 38.947098, 38.952407, 38.951798, 38.951664, 38.949436, 38.947276, 38.946962, 38.94627, 38.940732, 38.934323, 38.934019, 38.933625, 38.931215, 38.936155, 38.936592, 38.940626, 38.942381, 38.943237, 38.944613))
"11001009503",110,308,2710,1224,4.06,list(c(-76.989257, -76.988396, -76.9859369495824, -76.978434328903, -76.9778263031425, -76.978397, -76.97962, -76.980399, -76.980268, -76.980151, -76.979768, -76.98459, -76.98648, -76.988841, -76.988315, -76.988307, -76.988316, -76.988895, -76.98902, -76.989521, -76.989257, 38.952409, 38.953238, 38.9526089827349, 38.9468097626111, 38.9463397834696, 38.945848, 38.944233, 38.943035, 38.941515, 38.939576, 38.935081, 38.934841, 38.934747, 38.934628, 38.938224, 38.940723, 38.944234, 38.946269, 38.946757, 
38.948629, 38.952409))
"11001009504",525,605,2379,1234,22.07,list(c(-77.000077, -76.99705, -76.988895, -76.988316, -76.988307, -76.988315, -76.988841, -76.993244, -76.994434, -76.994723, -76.997546, -77.000077, 38.94627, 38.94627, 38.946269, 38.944234, 38.940723, 38.938224, 38.934628, 38.934311, 38.934019, 38.934323, 38.940732, 38.94627))
"11001009505",260,317,2032,1166,12.8,list(c(-77.009562, -77.009042, -77.0085892746401, -77.008298, -77.007774574197, -77.0026017595338, -77.0025892201687, -77.002498, -77.0016499141653, -76.9991240258307, -76.9974927103214, -76.999735, -77.002175, -77.002351, -77.003249, -77.003794, -77.004983, -77.009046, -77.009006, -77.009049, -77.009051, -77.009251, -77.009533, -77.010713, -77.009562, 38.963905, 38.969893, 38.9703377238095, 38.97011, 38.9696858446079, 38.9654940810016, 38.9654839197919, 38.96541, 38.9647544642014, 38.962802055425, 
38.9615411149971, 38.960446, 38.956664, 38.956467, 38.956122, 38.955888, 38.955693, 38.954815, 38.956943, 38.95766, 38.959608, 38.960184, 38.960864, 38.962357, 38.963905))
"11001009507",153,256,1301,664,11.76,list(c(-77.002175, -76.999735, -76.9974927103214, -76.9973644902135, -76.9918925205442, -76.997788, -77.000275, -77.002175, 38.956664, 38.960446, 38.9615411149971, 38.9614420060775, 38.9572123964546, 38.957167, 38.955294, 38.956664))
"11001009508",193,309,3176,1496,6.08,list(c(-77.009046, -77.004983, -77.003794, -77.003249, -77.002351, -77.002175, -77.000275, -76.997788, -76.9918925205442, -76.9895171223131, -76.987925151061, -76.9859369495824, -76.988396, -76.989257, -76.994548, -76.995986, -76.999156, -77.001721, -77.000266, -77.000458, -77.003314, -77.004705, -77.00783, -77.009007, -77.009046, 38.954815, 38.955693, 38.955888, 38.956122, 38.956467, 38.956664, 38.955294, 38.957167, 38.9572123964546, 38.9553763103972, 38.9541457814772, 38.9526089827349, 38.953238, 
38.952409, 38.952295, 38.951996, 38.951821, 38.950878, 38.946962, 38.947276, 38.949436, 38.951664, 38.951798, 38.952407, 38.954815))
"11001009509",194,351,2797,1660,6.94,list(c(-77.001721, -76.999156, -76.995986, -76.994548, -76.989257, -76.989521, -76.98902, -76.988895, -76.99705, -77.000077, -77.000266, -77.001721, 38.950878, 38.951821, 38.951996, 38.952295, 38.952409, 38.948629, 38.946757, 38.946269, 38.94627, 38.94627, 38.946962, 38.950878))
"11001009601",100,221,1936,887,5.17,list(c(-76.957969, -76.954459, -76.953573, -76.952893, -76.945951, -76.943858, -76.942932, -76.9419210679896, -76.9419204562069, -76.935096, -76.9317916687829, -76.9315650148695, -76.933321, -76.938649, -76.943205, -76.94415, -76.945257, -76.950989, -76.952131, -76.95366, -76.956676, -76.957969, 38.906154, 38.91096, 38.914382, 38.914797, 38.915252, 38.916871, 38.917401, 38.9185864994984, 38.9185860266153, 38.913311, 38.9106754805409, 38.9104947024166, 38.909724, 38.905326, 38.902205, 38.901474, 38.902454, 
38.908216, 38.908174, 38.906669, 38.905533, 38.906154))
"11001009602",89,246,3255,1520,2.73,list(c(-76.962218, -76.959386, -76.957969, -76.956676, -76.95366, -76.952131, -76.950989, -76.945257, -76.94415, -76.951015, -76.952613, -76.957489, -76.96029, -76.961984, -76.962218, 38.899497, 38.90339, 38.906154, 38.905533, 38.906669, 38.908174, 38.908216, 38.902454, 38.901474, 38.89552, 38.895976, 38.896576, 38.896987, 38.897135, 38.899497))
"11001009603",198,353,2572,1353,7.7,list(c(-76.956558, -76.953713, -76.951015, -76.94916, -76.946639, -76.945589, -76.942611, -76.93934, -76.939206, -76.938042, -76.937594, -76.937878, -76.947245, -76.948282, -76.952946, -76.956747, -76.956558, 38.890341, 38.893402, 38.89552, 38.895133, 38.894022, 38.893656, 38.892939, 38.891596, 38.891527, 38.890599, 38.889881, 38.889884, 38.889839, 38.88982, 38.889821, 38.889831, 38.890341))
"11001009604",110,222,1588,757,6.93,list(c(-76.9618, -76.961984, -76.96029, -76.957489, -76.952613, -76.951015, -76.953713, -76.956558, -76.956747, -76.963367, -76.9618, 38.896123, 38.897135, 38.896987, 38.896576, 38.895976, 38.89552, 38.893402, 38.890341, 38.889831, 38.889867, 38.896123))
"11001009700",165,313,3053,1365,5.4,list(c(-76.99275, -76.99091, -76.989484, -76.991885, -76.993513, -76.99173, -76.988795, -76.98777, -76.9849693143039, -76.9873306495444, -76.9890405411314, -76.9913437397798, -76.994889, -76.99275, 38.830909, 38.832349, 38.833462, 38.835033, 38.83757, 38.838139, 38.838638, 38.837013, 38.8338325496209, 38.8321153937896, 38.830871965809, 38.8291970867314, 38.829204, 38.830909))
"11001009801",229,276,1940,831,11.8,list(c(-77.002285, -77.000571, -76.994809, -76.993513, -76.991885, -76.989484, -76.99091, -76.991367, -76.993463, -76.99912, -77.000571, -77.00203, -77.003952, -77.002285, 38.833438, 38.834031, 38.837517, 38.83757, 38.835033, 38.833462, 38.832349, 38.832706, 38.831987, 38.831989, 38.83096, 38.830958, 38.830997, 38.833438))
"11001009802",153,255,1508,697,10.15,list(c(-77.000571, -76.99912, -76.993463, -76.991367, -76.99091, -76.99275, -76.994889, -76.998497, -77.000567, -77.000571, 38.83096, 38.831989, 38.831987, 38.832706, 38.832349, 38.830909, 38.829204, 38.829205, 38.829205, 38.83096))
"11001009803",198,301,2386,1167,8.3,list(c(-77.007744, -77.006026, -77.004213, -77.00172, -77.000572, -77.000759, -77.000588, -77.000571, -77.002285, -77.003952, -77.005885, -77.007677, -77.0084, -77.007744, 38.835687, 38.838018, 38.840407, 38.841604, 38.841879, 38.836291, 38.835129, 38.834031, 38.833438, 38.830997, 38.831206, 38.831398, 38.83326, 38.835687))
"11001009804",139,225,2544,916,5.46,list(c(-77.002349, -76.99845, -76.997453, -76.994226, -76.993616, -76.993563, -76.993513, -76.994809, -77.000571, -77.000588, -77.000759, -77.000572, -77.00172, -77.004213, -77.002349, 38.842493, 38.843109, 38.843167, 38.843688, 38.840245, 38.838805, 38.83757, 38.837517, 38.834031, 38.835129, 38.836291, 38.841879, 38.841604, 38.840407, 38.842493))
"11001009807",135,279,2618,1241,5.16,list(c(-77.017307, -77.017151, -77.009155, -77.009168, -77.007744, -77.0084, -77.007677, -77.007675, -77.00754, -77.006002, -77.008086, -77.008404, -77.0118, -77.011557, -77.012071, -77.012699, -77.01737, -77.017307, 38.828344, 38.829068, 38.839563, 38.838898, 38.835687, 38.83326, 38.831398, 38.829199, 38.826537, 38.824091, 38.823631, 38.823602, 38.823597, 38.82282, 38.821873, 38.823032, 38.823592, 38.828344))
"11001009810",127,282,2542,1340,5,list(c(-77.007677, -77.005885, -77.003952, -77.00203, -77.002307, -77.001381, -77.002187, -77.00543, -77.006002, -77.00754, -77.007675, -77.007677, 38.831398, 38.831206, 38.830997, 38.830958, 38.826853, 38.824523, 38.821965, 38.823594, 38.824091, 38.826537, 38.829199, 38.831398))
"11001009811",335,467,4686,1773,7.15,list(c(-77.00203, -77.000571, -77.000567, -76.998497, -76.994889, -76.9913437397798, -76.992697, -76.9928029355775, -76.9959473293181, -76.998458490566, -76.9991308531942, -76.999997, -77.001397, -77.0014810762983, -77.0014918209193, -77.002187, -77.001381, -77.002307, -77.00203, 38.830958, 38.83096, 38.829205, 38.829205, 38.829204, 38.8291970867314, 38.828213, 38.8281215761454, 38.8254079212734, 38.823240754717, 38.8226604965584, 38.821913, 38.821513, 38.821446228991, 38.821437695918, 38.821965, 
38.824523, 38.826853, 38.830958))
"11001009901",124,248,1967,825,6.3,list(c(-76.96492, -76.962018, -76.961464, -76.958873, -76.957496, -76.956266, -76.953091, -76.947812, -76.946677, -76.945772, -76.948208, -76.949187, -76.948079, -76.948511, -76.949791, -76.953001, -76.960383, -76.964772, -76.96492, 38.876364, 38.877809, 38.878156, 38.881706, 38.88363, 38.88363, 38.883611, 38.882842, 38.88283, 38.880869, 38.879533, 38.877888, 38.874471, 38.871309, 38.867902, 38.866279, 38.869291, 38.871087, 38.876364))
"11001009902",127,299,2161,1186,5.88,list(c(-76.953001, -76.949791, -76.948511, -76.948079, -76.949187, -76.948208, -76.945772, -76.944864, -76.942981, -76.9349713257387, -76.9359441963954, -76.9394901437423, -76.9436412723315, -76.9467019673844, -76.9467461839551, -76.951324, -76.953001, 38.866279, 38.867902, 38.871309, 38.874471, 38.877888, 38.879533, 38.880869, 38.879093, 38.877043, 38.8728417778189, 38.8720799964498, 38.8693034334956, 38.86605299892, 38.8636564003058, 38.8636217776562, 38.865594, 38.866279))
"11001009903",46,195,1645,813,2.8,list(c(-76.930054, -76.927966, -76.922909, -76.920707, -76.917785, -76.91417, -76.9133033917624, -76.9185356627107, -76.9185505215439, -76.919817, -76.921755, -76.923428, -76.9243, -76.927604, -76.929767, -76.930054, 38.88982, 38.889812, 38.889802, 38.889817, 38.8898, 38.889789, 38.8897643075727, 38.8857016030717, 38.8856900656247, 38.886014, 38.886394, 38.886497, 38.88677, 38.888652, 38.889344, 38.88982))
"11001009904",44,165,2358,932,1.87,list(c(-76.935916, -76.932943, -76.932047, -76.930054, -76.929767, -76.927604, -76.928696, -76.929322, -76.929316, -76.93101, -76.93304, -76.933624, -76.934832, -76.935916, 38.885981, 38.885617, 38.889806, 38.88982, 38.889344, 38.888652, 38.883656, 38.880769, 38.880674, 38.88068, 38.881491, 38.882273, 38.883733, 38.885981))
"11001009905",224,333,2607,1178,8.59,list(c(-76.929322, -76.928696, -76.927604, -76.9243, -76.923428, -76.921755, -76.919817, -76.9185505215439, -76.919295, -76.920195, -76.9208251111037, -76.9215846945467, -76.9239724376518, -76.9240349501798, -76.925954, -76.929316, -76.929322, 38.880769, 38.883656, 38.888652, 38.88677, 38.886497, 38.886394, 38.886014, 38.8856900656247, 38.885112, 38.884412, 38.8839186076914, 38.8833238353944, 38.8814541745108, 38.881405225682, 38.881082, 38.880674, 38.880769))
"11001009906",106,192,1317,605,8.05,list(c(-76.939889, -76.937878, -76.937594, -76.934875, -76.932047, -76.932943, -76.935916, -76.93616, -76.940555, -76.939889, 38.888198, 38.889884, 38.889881, 38.889824, 38.889806, 38.885617, 38.885981, 38.886549, 38.886544, 38.888198))
"11001009907",140,307,2699,1427,5.19,list(c(-76.945772, -76.944179, -76.942977, -76.94252, -76.94093, -76.940555, -76.93616, -76.935916, -76.934832, -76.933624, -76.93304, -76.936264, -76.942897, -76.944864, -76.945772, 38.880869, 38.881417, 38.882112, 38.882476, 38.884581, 38.886544, 38.886549, 38.885981, 38.883733, 38.882273, 38.881491, 38.880209, 38.880366, 38.879093, 38.880869))
"11001010100",154,261,2266,969,6.8,list(c(-77.036534, -77.03653, -77.036185, -77.034568, -77.03237, -77.032125, -77.031535, -77.029623, -77.02705, -77.023938, -77.023989, -77.033642, -77.035129, -77.036554, -77.036534, 38.905654, 38.907021, 38.907132, 38.906558, 38.905794, 38.905305, 38.905507, 38.904835, 38.903949, 38.902931, 38.902089, 38.898782, 38.900202, 38.900201, 38.905654))
"11001010200",170,313,2085,902,8.15,list(c(-77.032702, -77.03221, -77.031986, -77.021916, -77.017547, -77.017547, -77.015186, -77.015209, -77.017566, -77.02107, -77.021879, -77.023777, -77.032361, -77.032702, 38.88261, 38.883421, 38.887582, 38.887563, 38.887571, 38.879286, 38.879284, 38.876459, 38.876461, 38.877202, 38.876502, 38.876411, 38.882402, 38.88261))
"11001010300",265,343,2688,1209,9.86,list(c(-77.036364, -77.032967, -77.026433, -77.026426, -77.0265907040259, -77.0205367150986, -77.0187064975833, -77.019267, -77.019835, -77.022766, -77.022857, -77.025406, -77.027265, -77.027024, -77.029692, -77.033416, -77.036371, -77.036364, 38.974864, 38.978024, 38.977982, 38.978303, 38.9843001610361, 38.9796794651736, 38.9782825550368, 38.977949, 38.977475, 38.973609, 38.973512, 38.969924, 38.969925, 38.972354, 38.972263, 38.972263, 38.972269, 38.974864))
"11001010400",274,408,3826,1768,7.16,list(c(-77.009155, -77.008835, -77.00836, -77.008083, -77.006957, -77.004736, -77.003446, -77.002366, -76.998763, -76.996075, -76.992478, -76.986382, -76.985047, -76.989231, -76.991658, -76.992176, -76.994226, -76.997453, -76.99845, -77.002349, -77.004213, -77.006026, -77.007744, -77.009168, -77.009155, 38.839563, 38.840501, 38.845038, 38.849772, 38.852965, 38.858722, 38.860689, 38.860576, 38.857518, 38.856067, 38.853564, 38.849944, 38.848964, 38.844565, 38.844127, 38.844039, 38.843688, 38.843167, 
38.843109, 38.842493, 38.840407, 38.838018, 38.835687, 38.838898, 38.839563))
"11001010500",326,520,3029,1352,10.76,list(c(-77.017547, -77.013557, -77.009068, -77.009112, -77.009113, -77.009147, -77.009098, -77.013865, -77.015209, -77.015186, -77.017547, -77.017547, 38.887571, 38.887175, 38.883857, 38.881548, 38.881435, 38.877529, 38.876469, 38.876458, 38.876459, 38.879284, 38.879286, 38.887571))
"11001010600",248,363,5456,1606,4.55,list(c(-77.009064, -77.009063, -77.009002, -77.009026, -77.005331, -77.00473, -77.002506, -76.998336, -76.993135, -76.994959, -76.994961, -76.998442, -77.001857, -77.003524, -77.003509, -77.006718, -77.009066, -77.009064, 38.902515, 38.905647, 38.907274, 38.910783, 38.909211, 38.908958, 38.908001, 38.90623, 38.904, 38.902798, 38.900203, 38.900204, 38.900204, 38.90006, 38.897337, 38.895986, 38.897555, 38.902515))
"11001010700",47,177,1685,799,2.79,list(c(-77.04945, -77.047479, -77.045684, -77.04391, -77.042716, -77.036868, -77.03653, -77.036534, -77.036554, -77.037955, -77.03946, -77.043462, -77.049566, -77.04945, 38.902632, 38.905309, 38.907242, 38.909145, 38.90939, 38.907353, 38.907021, 38.905654, 38.900201, 38.900202, 38.898813, 38.900202, 38.902175, 38.902632))
"11001010800",341,379,6169,1408,5.53,list(c(-77.050131, -77.05012, -77.049566, -77.043462, -77.03946, -77.039481, -77.040676, -77.046682, -77.048023, -77.050117, -77.050135, -77.050131, 38.899574, 38.901987, 38.902175, 38.900202, 38.898813, 38.8921, 38.8921, 38.895316, 38.896017, 38.896024, 38.898327, 38.899574))
"11001010900",404,601,4111,2119,9.83,list(c(-77.0389927854341, -77.0389696175543, -77.0389291722456, -77.0389040820382, -77.038898, -77.0388005812625, -77.038195752156, -77.037999808574, -77.0374469631707, -77.037356, -77.038098, -77.0387883445095, -77.027477, -77.017969, -77.01737, -77.012699, -77.012071, -77.011557, -77.0118, -77.008404, -77.008086, -77.006002, -77.00543, -77.002187, -77.0014918209193, -77.0068218770753, -77.0244236516675, -77.0375797152565, -77.039006, -77.0389927854341, 38.792766769814, 38.79473346539, 38.7981668227097, 
38.8002967025371, 38.800813, 38.8016579274941, 38.8069037021181, 38.8086031505388, 38.8133980626165, 38.814187, 38.815613, 38.8196169981551, 38.819979, 38.820914, 38.823592, 38.823032, 38.821873, 38.82282, 38.823597, 38.823602, 38.823631, 38.824091, 38.823594, 38.821965, 38.821437695918, 38.8172047166507, 38.8032258870216, 38.792777714848, 38.791645, 38.792766769814))
"11001011000",65,225,2600,1449,2.5,list(c(-77.021879, -77.02107, -77.017566, -77.015209, -77.013865, -77.014429, -77.013368, -77.014341, -77.015341, -77.015678, -77.020162, -77.020314, -77.023777, -77.021879, 38.876502, 38.877202, 38.876461, 38.876459, 38.876458, 38.873987, 38.872977, 38.872035, 38.866842, 38.859865, 38.85733, 38.870014, 38.876411, 38.876502))
"11001011100",189,314,4508,1745,4.19,list(c(-76.97913, -76.97158, -76.9634357898141, -76.9634302539184, -76.9613741668836, -76.9587486606847, -76.957718618064, -76.961486, -76.965161, -76.96267, -76.954979, -76.956112, -76.943858, -76.945951, -76.952893, -76.953573, -76.954459, -76.957969, -76.959386, -76.962218, -76.961984, -76.969464, -76.970385, -76.970233, -76.972461, -76.970205, -76.976208, -76.978838, -76.977366, -76.976327, -76.975303, -76.978167, -76.978466, -76.979006, -76.978998, -76.979001, -76.97913, 38.927709, 38.931312, 
38.9352165029454, 38.9352122239235, 38.933622952412, 38.9315935430849, 38.9307973621038, 38.928267, 38.92526, 38.923506, 38.918348, 38.917789, 38.916871, 38.915252, 38.914797, 38.914382, 38.91096, 38.906154, 38.90339, 38.899497, 38.897135, 38.897769, 38.897925, 38.903445, 38.904587, 38.905621, 38.906282, 38.907271, 38.909586, 38.912642, 38.914146, 38.917282, 38.919095, 38.919894, 38.924509, 38.927481, 38.927709))
